CREATE,"(GerryAdams:Candidate{FirstName:""Gerry""","Surname:""Adams""","Gender:""Male""})"
CREATE,"(BarbaraAhern:Candidate{FirstName:""Barbara""","Surname:""Ahern""","Gender:""Female""})"
CREATE,"(SheikhMohiuddinAhmed:Candidate{FirstName:""SheikhMohiuddin""","Surname:""Ahmed""","Gender:""Male""})"
CREATE,"(PatrickAkpoveta:Candidate{FirstName:""Patrick""","Surname:""Akpoveta""","Gender:""Male""})"
CREATE,"(SiobhanAmbrose:Candidate{FirstName:""Siobhan""","Surname:""Ambrose""","Gender:""Female""})"
CREATE,"(ChrisAndrews:Candidate{FirstName:""Chris""","Surname:""Andrews""","Gender:""Male""})"
CREATE,"(CatherineArdagh:Candidate{FirstName:""Catherine""","Surname:""Ardagh""","Gender:""Female""})"
CREATE,"(BobbyAylward:Candidate{FirstName:""Bobby""","Surname:""Aylward""","Gender:""Male""})"
CREATE,"(MariaBailey:Candidate{FirstName:""Maria""","Surname:""Bailey""","Gender:""Female""})"
CREATE,"(JamesBannon:Candidate{FirstName:""James""","Surname:""Bannon""","Gender:""Male""})"
CREATE,"(TomBarry:Candidate{FirstName:""Tom""","Surname:""Barry""","Gender:""Male""})"
CREATE,"(MickBarry:Candidate{FirstName:""Mick""","Surname:""Barry""","Gender:""Male""})"
CREATE,"(JoeBehan:Candidate{FirstName:""Joe""","Surname:""Behan""","Gender:""Male""})"
CREATE,"(MichaelBeirne:Candidate{FirstName:""Michael""","Surname:""Beirne""","Gender:""Male""})"
CREATE,"(NoraBennis:Candidate{FirstName:""Nora""","Surname:""Bennis""","Gender:""Female""})"
CREATE,"(LornaBogue:Candidate{FirstName:""Lorna""","Surname:""Bogue""","Gender:""Female""})"
CREATE,"(JoeBonner:Candidate{FirstName:""Joe""","Surname:""Bonner""","Gender:""Male""})"
CREATE,"(KateBopp:Candidate{FirstName:""Kate""","Surname:""Bopp""","Gender:""Female""})"
CREATE,"(RichardBoydBarrett:Candidate{FirstName:""Richard""","Surname:""BoydBarrett""","Gender:""Male""})"
CREATE,"(PaulBradford:Candidate{FirstName:""Paul""","Surname:""Bradford""","Gender:""Male""})"
CREATE,"(NevilleBradley:Candidate{FirstName:""Neville""","Surname:""Bradley""","Gender:""Male""})"
CREATE,"(DavidBradley:Candidate{FirstName:""David""","Surname:""Bradley""","Gender:""Male""})"
CREATE,"(JohnBrady:Candidate{FirstName:""John""","Surname:""Brady""","Gender:""Male""})"
CREATE,"(JohnBrassil:Candidate{FirstName:""John""","Surname:""Brassil""","Gender:""Male""})"
CREATE,"(DeclanBreathnach:Candidate{FirstName:""Declan""","Surname:""Breathnach""","Gender:""Male""})"
CREATE,"(DeclanBree:Candidate{FirstName:""Declan""","Surname:""Bree""","Gender:""Male""})"
CREATE,"(PatBreen:Candidate{FirstName:""Pat""","Surname:""Breen""","Gender:""Male""})"
CREATE,"(SharonBriggs:Candidate{FirstName:""Sharon""","Surname:""Briggs""","Gender:""Female""})"
CREATE,"(ColmBrophy:Candidate{FirstName:""Colm""","Surname:""Brophy""","Gender:""Male""})"
CREATE,"(TommyBroughan:Candidate{FirstName:""Tommy""","Surname:""Broughan""","Gender:""Male""})"
CREATE,"(SeamusBrowne:Candidate{FirstName:""Seamus""","Surname:""Browne""","Gender:""Male""})"
CREATE,"(JamesBrowne:Candidate{FirstName:""James""","Surname:""Browne""","Gender:""Male""})"
CREATE,"(RichardBruton:Candidate{FirstName:""Richard""","Surname:""Bruton""","Gender:""Male""})"
CREATE,"(PatBuckley:Candidate{FirstName:""Pat""","Surname:""Buckley""","Gender:""Male""})"
CREATE,"(PaddyBullman:Candidate{FirstName:""Paddy""","Surname:""Bullman""","Gender:""Male""})"
CREATE,"(ChristyBurke:Candidate{FirstName:""Christy""","Surname:""Burke""","Gender:""Male""})"
CREATE,"(DeclanBurke:Candidate{FirstName:""Declan""","Surname:""Burke""","Gender:""Male""})"
CREATE,"(PeterBurke:Candidate{FirstName:""Peter""","Surname:""Burke""","Gender:""Male""})"
CREATE,"(JoanBurton:Candidate{FirstName:""Joan""","Surname:""Burton""","Gender:""Female""})"
CREATE,"(RayButler:Candidate{FirstName:""Ray""","Surname:""Butler""","Gender:""Male""})"
CREATE,"(MaryButler:Candidate{FirstName:""Mary""","Surname:""Butler""","Gender:""Female""})"
CREATE,"(JerryButtimer:Candidate{FirstName:""Jerry""","Surname:""Buttimer""","Gender:""Male""})"
CREATE,"(CatherineByrne:Candidate{FirstName:""Catherine""","Surname:""Byrne""","Gender:""Female""})"
CREATE,"(EricByrne:Candidate{FirstName:""Eric""","Surname:""Byrne""","Gender:""Male""})"
CREATE,"(ThomasByrne:Candidate{FirstName:""Thomas""","Surname:""Byrne""","Gender:""Male""})"
CREATE,"(MalcolmByrne:Candidate{FirstName:""Malcolm""","Surname:""Byrne""","Gender:""Male""})"
CREATE,"(AoifeByrne:Candidate{FirstName:""Aoife""","Surname:""Byrne""","Gender:""Female""})"
CREATE,"(RichardCahill:Candidate{FirstName:""Richard""","Surname:""Cahill""","Gender:""Male""})"
CREATE,"(JackieCahill:Candidate{FirstName:""Jackie""","Surname:""Cahill""","Gender:""Male""})"
CREATE,"(MichealCallaghan:Candidate{FirstName:""Micheal""","Surname:""Callaghan""","Gender:""Male""})"
CREATE,"(KevinCallan:Candidate{FirstName:""Kevin""","Surname:""Callan""","Gender:""Male""})"
CREATE,"(DaraCalleary:Candidate{FirstName:""Dara""","Surname:""Calleary""","Gender:""Male""})"
CREATE,"(SeanCanney:Candidate{FirstName:""Sean""","Surname:""Canney""","Gender:""Male""})"
CREATE,"(RossCannon:Candidate{FirstName:""Ross""","Surname:""Cannon""","Gender:""Male""})"
CREATE,"(CiaranCannon:Candidate{FirstName:""Ciaran""","Surname:""Cannon""","Gender:""Male""})"
CREATE,"(JoeCarey:Candidate{FirstName:""Joe""","Surname:""Carey""","Gender:""Male""})"
CREATE,"(CathleenCarneyBoud:Candidate{FirstName:""Cathleen""","Surname:""CarneyBoud""","Gender:""Female""})"
CREATE,"(GerCarthy:Candidate{FirstName:""Ger""","Surname:""Carthy""","Gender:""Male""})"
CREATE,"(DermotCasey:Candidate{FirstName:""Dermot""","Surname:""Casey""","Gender:""Male""})"
CREATE,"(PatCasey:Candidate{FirstName:""Pat""","Surname:""Casey""","Gender:""Male""})"
CREATE,"(ShaneCassells:Candidate{FirstName:""Shane""","Surname:""Cassells""","Gender:""Male""})"
CREATE,"(MarieCasserly:Candidate{FirstName:""Marie""","Surname:""Casserly""","Gender:""Female""})"
CREATE,"(JackChambers:Candidate{FirstName:""Jack""","Surname:""Chambers""","Gender:""Male""})"
CREATE,"(LisaChambers:Candidate{FirstName:""Lisa""","Surname:""Chambers""","Gender:""Female""})"
CREATE,"(JamesCharity:Candidate{FirstName:""James""","Surname:""Charity""","Gender:""Male""})"
CREATE,"(TJClare:Candidate{FirstName:""TJ""","Surname:""Clare""","Gender:""Male""})"
CREATE,"(PaulClarke:Candidate{FirstName:""Paul""","Surname:""Clarke""","Gender:""Male""})"
CREATE,"(LorraineCliffordLee:Candidate{FirstName:""Lorraine""","Surname:""CliffordLee""","Gender:""Female""})"
CREATE,"(EmmaCoffey:Candidate{FirstName:""Emma""","Surname:""Coffey""","Gender:""Female""})"
CREATE,"(PaudieCoffey:Candidate{FirstName:""Paudie""","Surname:""Coffey""","Gender:""Male""})"
CREATE,"(AlanColeman:Candidate{FirstName:""Alan""","Surname:""Coleman""","Gender:""Male""})"
CREATE,"(TonyColeman:Candidate{FirstName:""Tony""","Surname:""Coleman""","Gender:""Male""})"
CREATE,"(ClareColleranMolloy:Candidate{FirstName:""Clare""","Surname:""ColleranMolloy""","Gender:""Female""})"
CREATE,"(AineCollins:Candidate{FirstName:""Aine""","Surname:""Collins""","Gender:""Female""})"
CREATE,"(MichaelCollins:Candidate{FirstName:""Michael""","Surname:""Collins""","Gender:""Male""})"
CREATE,"(JoanCollins:Candidate{FirstName:""Joan""","Surname:""Collins""","Gender:""Female""})"
CREATE,"(NiallCollins:Candidate{FirstName:""Niall""","Surname:""Collins""","Gender:""Male""})"
CREATE,"(SeáinConlan:Candidate{FirstName:""Seáin""","Surname:""Conlan""","Gender:""Male""})"
CREATE,"(PaulConnaughton:Candidate{FirstName:""Paul""","Surname:""Connaughton""","Gender:""Male""})"
CREATE,"(ThomasinaConnell:Candidate{FirstName:""Thomasina""","Surname:""Connell""","Gender:""Female""})"
CREATE,"(JohnConnolly:Candidate{FirstName:""John""","Surname:""Connolly""","Gender:""Male""})"
CREATE,"(CatherineConnolly:Candidate{FirstName:""Catherine""","Surname:""Connolly""","Gender:""Female""})"
CREATE,"(AnthonyConnor:Candidate{FirstName:""Anthony""","Surname:""Connor""","Gender:""Male""})"
CREATE,"(CarolineConroy:Candidate{FirstName:""Caroline""","Surname:""Conroy""","Gender:""Female""})"
CREATE,"(EddieConroy:Candidate{FirstName:""Eddie""","Surname:""Conroy""","Gender:""Male""})"
CREATE,"(CiaraConway:Candidate{FirstName:""Ciara""","Surname:""Conway""","Gender:""Female""})"
CREATE,"(RoseConwayWalsh:Candidate{FirstName:""Rose""","Surname:""ConwayWalsh""","Gender:""Female""})"
CREATE,"(NoelCoonan:Candidate{FirstName:""Noel""","Surname:""Coonan""","Gender:""Male""})"
CREATE,"(DonnaCooney:Candidate{FirstName:""Donna""","Surname:""Cooney""","Gender:""Female""})"
CREATE,"(RuthCoppinger:Candidate{FirstName:""Ruth""","Surname:""Coppinger""","Gender:""Female""})"
CREATE,"(DonalCorcoran:Candidate{FirstName:""Donal""","Surname:""Corcoran""","Gender:""Male""})"
CREATE,"(MarcellaCorcoranKennedy:Candidate{FirstName:""Marcella""","Surname:""CorcoranKennedy""","Gender:""Female""})"
CREATE,"(AlexanderCosgrave:Candidate{FirstName:""Alexander""","Surname:""Cosgrave""","Gender:""Male""})"
CREATE,"(JoeCostello:Candidate{FirstName:""Joe""","Surname:""Costello""","Gender:""Male""})"
CREATE,"(SimonCoveney:Candidate{FirstName:""Simon""","Surname:""Coveney""","Gender:""Male""})"
CREATE,"(BarryCowen:Candidate{FirstName:""Barry""","Surname:""Cowen""","Gender:""Male""})"
CREATE,"(JerryCowley:Candidate{FirstName:""Jerry""","Surname:""Cowley""","Gender:""Male""})"
CREATE,"(LiamCoyne:Candidate{FirstName:""Liam""","Surname:""Coyne""","Gender:""Male""})"
CREATE,"(MichaelCreed:Candidate{FirstName:""Michael""","Surname:""Creed""","Gender:""Male""})"
CREATE,"(LucindaCreighton:Candidate{FirstName:""Lucinda""","Surname:""Creighton""","Gender:""Female""})"
CREATE,"(FrankCronin:Candidate{FirstName:""Frank""","Surname:""Cronin""","Gender:""Male""})"
CREATE,"(ReadaCronin:Candidate{FirstName:""Reada""","Surname:""Cronin""","Gender:""Female""})"
CREATE,"(AvrilCronin:Candidate{FirstName:""Avril""","Surname:""Cronin""","Gender:""Female""})"
CREATE,"(SeanCrowe:Candidate{FirstName:""Sean""","Surname:""Crowe""","Gender:""Male""})"
CREATE,"(DeclenCrowe:Candidate{FirstName:""Declen""","Surname:""Crowe""","Gender:""Male""})"
CREATE,"(MikeCubbard:Candidate{FirstName:""Mike""","Surname:""Cubbard""","Gender:""Male""})"
CREATE,"(JenniferCuffe:Candidate{FirstName:""Jennifer""","Surname:""Cuffe""","Gender:""Female""})"
CREATE,"(DavidCullinane:Candidate{FirstName:""David""","Surname:""Cullinane""","Gender:""Male""})"
CREATE,"(JohnCurran:Candidate{FirstName:""John""","Surname:""Curran""","Gender:""Male""})"
CREATE,"(ShaneCurran:Candidate{FirstName:""Shane""","Surname:""Curran""","Gender:""Male""})"
CREATE,"(KenCurtin:Candidate{FirstName:""Ken""","Surname:""Curtin""","Gender:""Male""})"
CREATE,"(JimDaly:Candidate{FirstName:""Jim""","Surname:""Daly""","Gender:""Male""})"
CREATE,"(ClareDaly:Candidate{FirstName:""Clare""","Surname:""Daly""","Gender:""Female""})"
CREATE,"(MichaelDArcy:Candidate{FirstName:""Michael""","Surname:""DArcy""","Gender:""Male""})"
CREATE,"(NicolaDaveron:Candidate{FirstName:""Nicola""","Surname:""Daveron""","Gender:""Female""})"
CREATE,"(MarcusDeBrun:Candidate{FirstName:""Marcus""","Surname:""DeBrun""","Gender:""Male""})"
CREATE,"(MarkDearey:Candidate{FirstName:""Mark""","Surname:""Dearey""","Gender:""Male""})"
CREATE,"(JohnDeasy:Candidate{FirstName:""John""","Surname:""Deasy""","Gender:""Male""})"
CREATE,"(JimmyDeenihan:Candidate{FirstName:""Jimmy""","Surname:""Deenihan""","Gender:""Male""})"
CREATE,"(PatDeering:Candidate{FirstName:""Pat""","Surname:""Deering""","Gender:""Male""})"
CREATE,"(NigelDennehy:Candidate{FirstName:""Nigel""","Surname:""Dennehy""","Gender:""Male""})"
CREATE,"(AnneMarieDermody:Candidate{FirstName:""AnneMarie""","Surname:""Dermody""","Gender:""Female""})"
CREATE,"(AlanDeveron:Candidate{FirstName:""Alan""","Surname:""Deveron""","Gender:""Male""})"
CREATE,"(MáireDevine:Candidate{FirstName:""Máire""","Surname:""Devine""","Gender:""Female""})"
CREATE,"(CormacDevlin:Candidate{FirstName:""Cormac""","Surname:""Devlin""","Gender:""Male""})"
CREATE,"(JimmyDignam:Candidate{FirstName:""Jimmy""","Surname:""Dignam""","Gender:""Male""})"
CREATE,"(MichaelDillon:Candidate{FirstName:""Michael""","Surname:""Dillon""","Gender:""Male""})"
CREATE,"(PearseDoherty:Candidate{FirstName:""Pearse""","Surname:""Doherty""","Gender:""Male""})"
CREATE,"(GaryDoherty:Candidate{FirstName:""Gary""","Surname:""Doherty""","Gender:""Male""})"
CREATE,"(ReginaDoherty:Candidate{FirstName:""Regina""","Surname:""Doherty""","Gender:""Female""})"
CREATE,"(StephenDonnelly:Candidate{FirstName:""Stephen""","Surname:""Donnelly""","Gender:""Male""})"
CREATE,"(PaulDonnelly:Candidate{FirstName:""Paul""","Surname:""Donnelly""","Gender:""Male""})"
CREATE,"(PaschalDonohoe:Candidate{FirstName:""Paschal""","Surname:""Donohoe""","Gender:""Male""})"
CREATE,"(TimmyDooley:Candidate{FirstName:""Timmy""","Surname:""Dooley""","Gender:""Male""})"
CREATE,"(AndrewDoyle:Candidate{FirstName:""Andrew""","Surname:""Doyle""","Gender:""Male""})"
CREATE,"(AnnaDoyle:Candidate{FirstName:""Anna""","Surname:""Doyle""","Gender:""Female""})"
CREATE,"(MickDuff:Candidate{FirstName:""Mick""","Surname:""Duff""","Gender:""Male""})"
CREATE,"(FrancisNoelDuffy:Candidate{FirstName:""FrancisNoel""","Surname:""Duffy""","Gender:""Male""})"
CREATE,"(GerardDunne:Candidate{FirstName:""Gerard""","Surname:""Dunne""","Gender:""Male""})"
CREATE,"(UnaDunphy:Candidate{FirstName:""Una""","Surname:""Dunphy""","Gender:""Female""})"
CREATE,"(MikeDurkan:Candidate{FirstName:""Mike""","Surname:""Durkan""","Gender:""Male""})"
CREATE,"(BernardDurkan:Candidate{FirstName:""Bernard""","Surname:""Durkan""","Gender:""Male""})"
CREATE,"(JohnDwyer:Candidate{FirstName:""John""","Surname:""Dwyer""","Gender:""Male""})"
CREATE,"(DessieEllis:Candidate{FirstName:""Dessie""","Surname:""Ellis""","Gender:""Male""})"
CREATE,"(DamienEnglish:Candidate{FirstName:""Damien""","Surname:""English""","Gender:""Male""})"
CREATE,"(BrianFagan:Candidate{FirstName:""Brian""","Surname:""Fagan""","Gender:""Male""})"
CREATE,"(MichaelFahy:Candidate{FirstName:""Michael""","Surname:""Fahy""","Gender:""Male""})"
CREATE,"(MaebhFallon:Candidate{FirstName:""Maebh""","Surname:""Fallon""","Gender:""Female""})"
CREATE,"(ThomasDeclenFallon:Candidate{FirstName:""ThomasDeclen""","Surname:""Fallon""","Gender:""Male""})"
CREATE,"(AlanFarrell:Candidate{FirstName:""Alan""","Surname:""Farrell""","Gender:""Male""})"
CREATE,"(AnneFarrell:Candidate{FirstName:""Anne""","Surname:""Farrell""","Gender:""Female""})"
CREATE,"(MichaelFarrington:Candidate{FirstName:""Michael""","Surname:""Farrington""","Gender:""Male""})"
CREATE,"(SandraFay:Candidate{FirstName:""Sandra""","Surname:""Fay""","Gender:""Female""})"
CREATE,"(PatrickFeeney:Candidate{FirstName:""Patrick""","Surname:""Feeney""","Gender:""Male""})"
CREATE,"(MartinFerris:Candidate{FirstName:""Martin""","Surname:""Ferris""","Gender:""Male""})"
CREATE,"(AnneFerris:Candidate{FirstName:""Anne""","Surname:""Ferris""","Gender:""Female""})"
CREATE,"(ChristopherFettes:Candidate{FirstName:""Christopher""","Surname:""Fettes""","Gender:""Male""})"
CREATE,"(FinbarrFilan:Candidate{FirstName:""Finbarr""","Surname:""Filan""","Gender:""Male""})"
CREATE,"(MickFinn:Candidate{FirstName:""Mick""","Surname:""Finn""","Gender:""Male""})"
CREATE,"(BrianFinucane:Candidate{FirstName:""Brian""","Surname:""Finucane""","Gender:""Male""})"
CREATE,"(DavidFitzgerald:Candidate{FirstName:""David""","Surname:""Fitzgerald""","Gender:""Male""})"
CREATE,"(JasonFitzgerald:Candidate{FirstName:""Jason""","Surname:""Fitzgerald""","Gender:""Male""})"
CREATE,"(FrancesFitzgerald:Candidate{FirstName:""Frances""","Surname:""Fitzgerald""","Gender:""Female""})"
CREATE,"(MichaelFitzgerald:Candidate{FirstName:""Michael""","Surname:""Fitzgerald""","Gender:""Male""})"
CREATE,"(ShaneFitzgerald:Candidate{FirstName:""Shane""","Surname:""Fitzgerald""","Gender:""Male""})"
CREATE,"(MaryFitzgibbon:Candidate{FirstName:""Mary""","Surname:""Fitzgibbon""","Gender:""Female""})"
CREATE,"(GearóidFitzgibbon:Candidate{FirstName:""Gearóid""","Surname:""Fitzgibbon""","Gender:""Male""})"
CREATE,"(MichaelFitzmaurice:Candidate{FirstName:""Michael""","Surname:""Fitzmaurice""","Gender:""Male""})"
CREATE,"(MaryFitzpatrick:Candidate{FirstName:""Mary""","Surname:""Fitzpatrick""","Gender:""Female""})"
CREATE,"(PeterFitzpatrick:Candidate{FirstName:""Peter""","Surname:""Fitzpatrick""","Gender:""Male""})"
CREATE,"(PeteFitzpatrick:Candidate{FirstName:""Pete""","Surname:""Fitzpatrick""","Gender:""Male""})"
CREATE,"(EddieFitzpatrick:Candidate{FirstName:""Eddie""","Surname:""Fitzpatrick""","Gender:""Male""})"
CREATE,"(PaulaFlanagan:Candidate{FirstName:""Paula""","Surname:""Flanagan""","Gender:""Female""})"
CREATE,"(TerenceFlanagan:Candidate{FirstName:""Terence""","Surname:""Flanagan""","Gender:""Male""})"
CREATE,"(CharlieFlanagan:Candidate{FirstName:""Charlie""","Surname:""Flanagan""","Gender:""Male""})"
CREATE,"(SeanFleming:Candidate{FirstName:""Sean""","Surname:""Fleming""","Gender:""Male""})"
CREATE,"(MannixFlynn:Candidate{FirstName:""Mannix""","Surname:""Flynn""","Gender:""Male""})"
CREATE,"(JohnFoley:Candidate{FirstName:""John""","Surname:""Foley""","Gender:""Male""})"
CREATE,"(SeanForkan:Candidate{FirstName:""Sean""","Surname:""Forkan""","Gender:""Male""})"
CREATE,"(CarolineFoxe:Candidate{FirstName:""Caroline""","Surname:""Foxe""","Gender:""Female""})"
CREATE,"(RoslynFuller:Candidate{FirstName:""Roslyn""","Surname:""Fuller""","Gender:""Female""})"
CREATE,"(KathleenFunchion:Candidate{FirstName:""Kathleen""","Surname:""Funchion""","Gender:""Female""})"
CREATE,"(JamesGaffney:Candidate{FirstName:""James""","Surname:""Gaffney""","Gender:""Male""})"
CREATE,"(PatGallagher:Candidate{FirstName:""Pat""","Surname:""Gallagher""","Gender:""Male""})"
CREATE,"(NigelGallagher:Candidate{FirstName:""Nigel""","Surname:""Gallagher""","Gender:""Male""})"
CREATE,"(GaryGannon:Candidate{FirstName:""Gary""","Surname:""Gannon""","Gender:""Male""})"
CREATE,"(MichaelGargan:Candidate{FirstName:""Michael""","Surname:""Gargan""","Gender:""Male""})"
CREATE,"(HenryGaynor:Candidate{FirstName:""Henry""","Surname:""Gaynor""","Gender:""Male""})"
CREATE,"(ConnieGeretyQuinn:Candidate{FirstName:""Connie""","Surname:""GeretyQuinn""","Gender:""Female""})"
CREATE,"(JacquiGilbourne:Candidate{FirstName:""Jacqui""","Surname:""Gilbourne""","Gender:""Male""})"
CREATE,"(KeithGilligan:Candidate{FirstName:""Keith""","Surname:""Gilligan""","Gender:""Male""})"
CREATE,"(BenGilroy:Candidate{FirstName:""Ben""","Surname:""Gilroy""","Gender:""Male""})"
CREATE,"(PaulGogarty:Candidate{FirstName:""Paul""","Surname:""Gogarty""","Gender:""Male""})"
CREATE,"(TrevorGolden:Candidate{FirstName:""Trevor""","Surname:""Golden""","Gender:""Male""})"
CREATE,"(WilliamGorman:Candidate{FirstName:""William""","Surname:""Gorman""","Gender:""Male""})"
CREATE,"(WillieGorman:Candidate{FirstName:""Willie""","Surname:""Gorman""","Gender:""Male""})"
CREATE,"(ThomasGould:Candidate{FirstName:""Thomas""","Surname:""Gould""","Gender:""Male""})"
CREATE,"(NoelGrealish:Candidate{FirstName:""Noel""","Surname:""Grealish""","Gender:""Male""})"
CREATE,"(PatGreene:Candidate{FirstName:""Pat""","Surname:""Greene""","Gender:""Male""})"
CREATE,"(ShirleyGriffin:Candidate{FirstName:""Shirley""","Surname:""Griffin""","Gender:""Female""})"
CREATE,"(BrendanGriffin:Candidate{FirstName:""Brendan""","Surname:""Griffin""","Gender:""Male""})"
CREATE,"(DesGuckian:Candidate{FirstName:""Des""","Surname:""Guckian""","Gender:""Male""})"
CREATE,"(JimmyGuerin:Candidate{FirstName:""Jimmy""","Surname:""Guerin""","Gender:""Male""})"
CREATE,"(AndreHakizimana:Candidate{FirstName:""Andre""","Surname:""Hakizimana""","Gender:""Male""})"
CREATE,"(JohnHalligan:Candidate{FirstName:""John""","Surname:""Halligan""","Gender:""Male""})"
CREATE,"(MaryHanafin:Candidate{FirstName:""Mary""","Surname:""Hanafin""","Gender:""Female""})"
CREATE,"(PaulHand:Candidate{FirstName:""Paul""","Surname:""Hand""","Gender:""Male""})"
CREATE,"(DominicHannigan:Candidate{FirstName:""Dominic""","Surname:""Hannigan""","Gender:""Male""})"
CREATE,"(JoeHannigan:Candidate{FirstName:""Joe""","Surname:""Hannigan""","Gender:""Male""})"
CREATE,"(NoelHarrington:Candidate{FirstName:""Noel""","Surname:""Harrington""","Gender:""Male""})"
CREATE,"(JoeHarris:Candidate{FirstName:""Joe""","Surname:""Harris""","Gender:""Male""})"
CREATE,"(SimonHarris:Candidate{FirstName:""Simon""","Surname:""Harris""","Gender:""Male""})"
CREATE,"(PaddyHarte:Candidate{FirstName:""Paddy""","Surname:""Harte""","Gender:""Male""})"
CREATE,"(MichaelHarty:Candidate{FirstName:""Michael""","Surname:""Harty""","Gender:""Male""})"
CREATE,"(NatashaHarty:Candidate{FirstName:""Natasha""","Surname:""Harty""","Gender:""Female""})"
CREATE,"(SeanHaughey:Candidate{FirstName:""Sean""","Surname:""Haughey""","Gender:""Male""})"
CREATE,"(DesmondHayes:Candidate{FirstName:""Desmond""","Surname:""Hayes""","Gender:""Male""})"
CREATE,"(TomHayes:Candidate{FirstName:""Tom""","Surname:""Hayes""","Gender:""Male""})"
CREATE,"(ChristopherHealy:Candidate{FirstName:""Christopher""","Surname:""Healy""","Gender:""Male""})"
CREATE,"(StephanieHealy:Candidate{FirstName:""Stephanie""","Surname:""Healy""","Gender:""Female""})"
CREATE,"(SeamusHealy:Candidate{FirstName:""Seamus""","Surname:""Healy""","Gender:""Male""})"
CREATE,"(MichaelHealyRae:Candidate{FirstName:""Michael""","Surname:""HealyRae""","Gender:""Male""})"
CREATE,"(FidelmaHealyEames:Candidate{FirstName:""Fidelma""","Surname:""HealyEames""","Gender:""Female""})"
CREATE,"(DannyHealyRae:Candidate{FirstName:""Danny""","Surname:""HealyRae""","Gender:""Male""})"
CREATE,"(TheresaHeaney:Candidate{FirstName:""Theresa""","Surname:""Heaney""","Gender:""Female""})"
CREATE,"(JamesHeffernan:Candidate{FirstName:""James""","Surname:""Heffernan""","Gender:""Male""})"
CREATE,"(DeirdreHeney:Candidate{FirstName:""Deirdre""","Surname:""Heney""","Gender:""Female""})"
CREATE,"(SarahJaneHennelly:Candidate{FirstName:""SarahJane""","Surname:""Hennelly""","Gender:""Female""})"
CREATE,"(LorraineHennessy:Candidate{FirstName:""Lorraine""","Surname:""Hennessy""","Gender:""Female""})"
CREATE,"(MiriamHennesy:Candidate{FirstName:""Miriam""","Surname:""Hennesy""","Gender:""Female""})"
CREATE,"(MartinHeydon:Candidate{FirstName:""Martin""","Surname:""Heydon""","Gender:""Male""})"
CREATE,"(LorraineHiggins:Candidate{FirstName:""Lorraine""","Surname:""Higgins""","Gender:""Female""})"
CREATE,"(MaryHoade:Candidate{FirstName:""Mary""","Surname:""Hoade""","Gender:""Female""})"
CREATE,"(PaulHogan:Candidate{FirstName:""Paul""","Surname:""Hogan""","Gender:""Male""})"
CREATE,"(JulieHogan:Candidate{FirstName:""Julie""","Surname:""Hogan""","Gender:""Female""})"
CREATE,"(SarahHolland:Candidate{FirstName:""Sarah""","Surname:""Holland""","Gender:""Female""})"
CREATE,"(TommyHolohan:Candidate{FirstName:""Tommy""","Surname:""Holohan""","Gender:""Male""})"
CREATE,"(MauraHopkins:Candidate{FirstName:""Maura""","Surname:""Hopkins""","Gender:""Female""})"
CREATE,"(ElizabethHourihane:Candidate{FirstName:""Elizabeth""","Surname:""Hourihane""","Gender:""Female""})"
CREATE,"(MaryHoward:Candidate{FirstName:""Mary""","Surname:""Howard""","Gender:""Female""})"
CREATE,"(BrendanHowlin:Candidate{FirstName:""Brendan""","Surname:""Howlin""","Gender:""Male""})"
CREATE,"(BernieHughes:Candidate{FirstName:""Bernie""","Surname:""Hughes""","Gender:""Female""})"
CREATE,"(KevinHumphreys:Candidate{FirstName:""Kevin""","Surname:""Humphreys""","Gender:""Male""})"
CREATE,"(HeatherHumphries:Candidate{FirstName:""Heather""","Surname:""Humphries""","Gender:""Female""})"
CREATE,"(CarolHunt:Candidate{FirstName:""Carol""","Surname:""Hunt""","Gender:""Female""})"
CREATE,"(KatrinaHutchinson:Candidate{FirstName:""Katrina""","Surname:""Hutchinson""","Gender:""Female""})"
CREATE,"(TimJackson:Candidate{FirstName:""Tim""","Surname:""Jackson""","Gender:""Male""})"
CREATE,"(DonalJackson:Candidate{FirstName:""Donal""","Surname:""Jackson""","Gender:""Male""})"
CREATE,"(PeterJordan:Candidate{FirstName:""Peter""","Surname:""Jordan""","Gender:""Male""})"
CREATE,"(PamelaKearns:Candidate{FirstName:""Pamela""","Surname:""Kearns""","Gender:""Female""})"
CREATE,"(BobKearns:Candidate{FirstName:""Bob""","Surname:""Kearns""","Gender:""Male""})"
CREATE,"(DerekKeating:Candidate{FirstName:""Derek""","Surname:""Keating""","Gender:""Male""})"
CREATE,"(ColmKeaveney:Candidate{FirstName:""Colm""","Surname:""Keaveney""","Gender:""Male""})"
CREATE,"(CharlieKeddy:Candidate{FirstName:""Charlie""","Surname:""Keddy""","Gender:""Male""})"
CREATE,"(AndrewKeegan:Candidate{FirstName:""Andrew""","Surname:""Keegan""","Gender:""Male""})"
CREATE,"(PaulKehoe:Candidate{FirstName:""Paul""","Surname:""Kehoe""","Gender:""Male""})"
CREATE,"(JohnDominicKeigher:Candidate{FirstName:""JohnDominic""","Surname:""Keigher""","Gender:""Male""})"
CREATE,"(BillyKelleher:Candidate{FirstName:""Billy""","Surname:""Kelleher""","Gender:""Male""})"
CREATE,"(TerryKelleher:Candidate{FirstName:""Terry""","Surname:""Kelleher""","Gender:""Male""})"
CREATE,"(JohnKelly:Candidate{FirstName:""John""","Surname:""Kelly""","Gender:""Male""})"
CREATE,"(AlanKelly:Candidate{FirstName:""Alan""","Surname:""Kelly""","Gender:""Male""})"
CREATE,"(LeonardKelly:Candidate{FirstName:""Leonard""","Surname:""Kelly""","Gender:""Male""})"
CREATE,"(CiaranKenneally:Candidate{FirstName:""Ciaran""","Surname:""Kenneally""","Gender:""Male""})"
CREATE,"(NiamhKennedy:Candidate{FirstName:""Niamh""","Surname:""Kennedy""","Gender:""Female""})"
CREATE,"(MaryKennedy:Candidate{FirstName:""Mary""","Surname:""Kennedy""","Gender:""Female""})"
CREATE,"(GinoKenny:Candidate{FirstName:""Gino""","Surname:""Kenny""","Gender:""Male""})"
CREATE,"(EndaKenny:Candidate{FirstName:""Enda""","Surname:""Kenny""","Gender:""Male""})"
CREATE,"(MartinKenny:Candidate{FirstName:""Martin""","Surname:""Kenny""","Gender:""Male""})"
CREATE,"(SharonKeogan:Candidate{FirstName:""Sharon""","Surname:""Keogan""","Gender:""Female""})"
CREATE,"(MarkKeogh:Candidate{FirstName:""Mark""","Surname:""Keogh""","Gender:""Male""})"
CREATE,"(GerKeohane:Candidate{FirstName:""Ger""","Surname:""Keohane""","Gender:""Male""})"
CREATE,"(ClaireKerrane:Candidate{FirstName:""Claire""","Surname:""Kerrane""","Gender:""Female""})"
CREATE,"(GuinanKerry:Candidate{FirstName:""Guinan""","Surname:""Kerry""","Gender:""Male""})"
CREATE,"(HaroonKhan:Candidate{FirstName:""Haroon""","Surname:""Khan""","Gender:""Male""})"
CREATE,"(ThomasKiely:Candidate{FirstName:""Thomas""","Surname:""Kiely""","Gender:""Male""})"
CREATE,"(TomKivlehan:Candidate{FirstName:""Tom""","Surname:""Kivlehan""","Gender:""Male""})"
CREATE,"(SeáinKyne:Candidate{FirstName:""Seáin""","Surname:""Kyne""","Gender:""Male""})"
CREATE,"(JohnLahart:Candidate{FirstName:""John""","Surname:""Lahart""","Gender:""Male""})"
CREATE,"(AlanLawes:Candidate{FirstName:""Alan""","Surname:""Lawes""","Gender:""Male""})"
CREATE,"(JamesLawless:Candidate{FirstName:""James""","Surname:""Lawless""","Gender:""Male""})"
CREATE,"(AnthonyLawlor:Candidate{FirstName:""Anthony""","Surname:""Lawlor""","Gender:""Male""})"
CREATE,"(RoseLeadbetter:Candidate{FirstName:""Rose""","Surname:""Leadbetter""","Gender:""Female""})"
CREATE,"(JohnLeahy:Candidate{FirstName:""John""","Surname:""Leahy""","Gender:""Male""})"
CREATE,"(ClareLeonard:Candidate{FirstName:""Clare""","Surname:""Leonard""","Gender:""Male""})"
CREATE,"(CiaraLeonardiRoche:Candidate{FirstName:""Ciara""","Surname:""LeonardiRoche""","Gender:""Female""})"
CREATE,"(MaryLinehanFoley:Candidate{FirstName:""Mary""","Surname:""LinehanFoley""","Gender:""Female""})"
CREATE,"(DavidLloyd:Candidate{FirstName:""David""","Surname:""Lloyd""","Gender:""Male""})"
CREATE,"(MichaelLowry:Candidate{FirstName:""Michael""","Surname:""Lowry""","Gender:""Male""})"
CREATE,"(IanLynch:Candidate{FirstName:""Ian""","Surname:""Lynch""","Gender:""Male""})"
CREATE,"(KathleenLynch:Candidate{FirstName:""Kathleen""","Surname:""Lynch""","Gender:""Female""})"
CREATE,"(CiaranLynch:Candidate{FirstName:""Ciaran""","Surname:""Lynch""","Gender:""Male""})"
CREATE,"(GlennaLynch:Candidate{FirstName:""Glenna""","Surname:""Lynch""","Gender:""Female""})"
CREATE,"(JohnLyons:Candidate{FirstName:""John""","Surname:""Lyons""","Gender:""Male""})"
CREATE,"(JohnnyLyons:Candidate{FirstName:""Johnny""","Surname:""Lyons""","Gender:""Male""})"
CREATE,"(MicheálMacDonncha:Candidate{FirstName:""Micheál""","Surname:""MacDonncha""","Gender:""Male""})"
CREATE,"(ConorMacLiam:Candidate{FirstName:""Conor""","Surname:""MacLiam""","Gender:""Male""})"
CREATE,"(CormacMacKay:Candidate{FirstName:""Cormac""","Surname:""MacKay""","Gender:""Male""})"
CREATE,"(PadraigMacLochlainn:Candidate{FirstName:""Padraig""","Surname:""MacLochlainn""","Gender:""Male""})"
CREATE,"(ChrisMacManus:Candidate{FirstName:""Chris""","Surname:""MacManus""","Gender:""Male""})"
CREATE,"(MarcMacSharry:Candidate{FirstName:""Marc""","Surname:""MacSharry""","Gender:""Male""})"
CREATE,"(AlanMacStiofain:Candidate{FirstName:""Alan""","Surname:""MacStiofain""","Gender:""Male""})"
CREATE,"(JosephaMadigan:Candidate{FirstName:""Josepha""","Surname:""Madigan""","Gender:""Female""})"
CREATE,"(ManchanMagan:Candidate{FirstName:""Manchan""","Surname:""Magan""","Gender:""Male""})"
CREATE,"(JohnMalone:Candidate{FirstName:""John""","Surname:""Malone""","Gender:""Male""})"
CREATE,"(EamonnMaloney:Candidate{FirstName:""Eamonn""","Surname:""Maloney""","Gender:""Male""})"
CREATE,"(PaddyManning:Candidate{FirstName:""Paddy""","Surname:""Manning""","Gender:""Male""})"
CREATE,"(CormacManning:Candidate{FirstName:""Cormac""","Surname:""Manning""","Gender:""Male""})"
CREATE,"(StephenManning:Candidate{FirstName:""Stephen""","Surname:""Manning""","Gender:""Male""})"
CREATE,"(MicheálMartin:Candidate{FirstName:""Micheál""","Surname:""Martin""","Gender:""Male""})"
CREATE,"(BarryMartin:Candidate{FirstName:""Barry""","Surname:""Martin""","Gender:""Male""})"
CREATE,"(CatherineMartin:Candidate{FirstName:""Catherine""","Surname:""Martin""","Gender:""Female""})"
CREATE,"(PeterMatthews:Candidate{FirstName:""Peter""","Surname:""Matthews""","Gender:""Male""})"
CREATE,"(StevenMatthews:Candidate{FirstName:""Steven""","Surname:""Matthews""","Gender:""Male""})"
CREATE,"(PaulMcAuliffe:Candidate{FirstName:""Paul""","Surname:""McAuliffe""","Gender:""Male""})"
CREATE,"(FrankMcBrearty:Candidate{FirstName:""Frank""","Surname:""McBrearty""","Gender:""Male""})"
CREATE,"(NoelMcCarthy:Candidate{FirstName:""Noel""","Surname:""McCarthy""","Gender:""Male""})"
CREATE,"(KieranMcCarthy:Candidate{FirstName:""Kieran""","Surname:""McCarthy""","Gender:""Male""})"
CREATE,"(MichaelMcCarthy:Candidate{FirstName:""Michael""","Surname:""McCarthy""","Gender:""Male""})"
CREATE,"(RachelMcCarthy:Candidate{FirstName:""Rachel""","Surname:""McCarthy""","Gender:""Female""})"
CREATE,"(CharlieMcConalogue:Candidate{FirstName:""Charlie""","Surname:""McConalogue""","Gender:""Male""})"
CREATE,"(MickMcDermott:Candidate{FirstName:""Mick""","Surname:""McDermott""","Gender:""Male""})"
CREATE,"(MichaelMcDonagh:Candidate{FirstName:""Michael""","Surname:""McDonagh""","Gender:""Male""})"
CREATE,"(SeamusMcDonagh:Candidate{FirstName:""Seamus""","Surname:""McDonagh""","Gender:""Male""})"
CREATE,"(MaryLouMcDonald:Candidate{FirstName:""MaryLou""","Surname:""McDonald""","Gender:""Female""})"
CREATE,"(TracyMcElhinney:Candidate{FirstName:""Tracy""","Surname:""McElhinney""","Gender:""Female""})"
CREATE,"(SuzanneMcEneaney:Candidate{FirstName:""Suzanne""","Surname:""McEneaney""","Gender:""Female""})"
CREATE,"(HelenMcEntee:Candidate{FirstName:""Helen""","Surname:""McEntee""","Gender:""Female""})"
CREATE,"(GabrielleMcFadden:Candidate{FirstName:""Gabrielle""","Surname:""McFadden""","Gender:""Female""})"
CREATE,"(IanMcGarvey:Candidate{FirstName:""Ian""","Surname:""McGarvey""","Gender:""Male""})"
CREATE,"(MichaelMcGrath:Candidate{FirstName:""Michael""","Surname:""McGrath""","Gender:""Male""})"
CREATE,"(FinianMcGrath:Candidate{FirstName:""Finian""","Surname:""McGrath""","Gender:""Male""})"
CREATE,"(MattieMcGrath:Candidate{FirstName:""Mattie""","Surname:""McGrath""","Gender:""Male""})"
CREATE,"(JohnMcGuinness:Candidate{FirstName:""John""","Surname:""McGuinness""","Gender:""Male""})"
CREATE,"(DavidMcGuinness:Candidate{FirstName:""David""","Surname:""McGuinness""","Gender:""Male""})"
CREATE,"(JoeMcHugh:Candidate{FirstName:""Joe""","Surname:""McHugh""","Gender:""Male""})"
CREATE,"(CormacMcKay:Candidate{FirstName:""Cormac""","Surname:""McKay""","Gender:""Male""})"
CREATE,"(PatrickMcKee:Candidate{FirstName:""Patrick""","Surname:""McKee""","Gender:""Male""})"
CREATE,"(NoelMcKervey:Candidate{FirstName:""Noel""","Surname:""McKervey""","Gender:""Male""})"
CREATE,"(TonyMcLoughlin:Candidate{FirstName:""Tony""","Surname:""McLoughlin""","Gender:""Male""})"
CREATE,"(FionaMcLoughlinHealy:Candidate{FirstName:""Fiona""","Surname:""McLoughlinHealy""","Gender:""Female""})"
CREATE,"(RonanMcMahon:Candidate{FirstName:""Ronan""","Surname:""McMahon""","Gender:""Male""})"
CREATE,"(SeamusMcMenamin:Candidate{FirstName:""Seamus""","Surname:""McMenamin""","Gender:""Male""})"
CREATE,"(AnneMarieMcNally:Candidate{FirstName:""AnneMarie""","Surname:""McNally""","Gender:""Female""})"
CREATE,"(MichaelMcNamara:Candidate{FirstName:""Michael""","Surname:""McNamara""","Gender:""Male""})"
CREATE,"(JimmyMee:Candidate{FirstName:""Jimmy""","Surname:""Mee""","Gender:""Male""})"
CREATE,"(AengusMelia:Candidate{FirstName:""Aengus""","Surname:""Melia""","Gender:""Male""})"
CREATE,"(AshlingMerriman:Candidate{FirstName:""Ashling""","Surname:""Merriman""","Gender:""Female""})"
CREATE,"(JamesMiller:Candidate{FirstName:""James""","Surname:""Miller""","Gender:""Male""})"
CREATE,"(DeniseMitchell:Candidate{FirstName:""Denise""","Surname:""Mitchell""","Gender:""Female""})"
CREATE,"(MaryMitchellOConnor:Candidate{FirstName:""Mary""","Surname:""MitchellOConnor""","Gender:""Female""})"
CREATE,"(MichaelMohally:Candidate{FirstName:""Michael""","Surname:""Mohally""","Gender:""Male""})"
CREATE,"(GerryMolloy:Candidate{FirstName:""Gerry""","Surname:""Molloy""","Gender:""Male""})"
CREATE,"(EmmetMoloney:Candidate{FirstName:""Emmet""","Surname:""Moloney""","Gender:""Male""})"
CREATE,"(MichaelMooney:Candidate{FirstName:""Michael""","Surname:""Mooney""","Gender:""Male""})"
CREATE,"(AnnetteMooney:Candidate{FirstName:""Annette""","Surname:""Mooney""","Gender:""Female""})"
CREATE,"(SineadMoore:Candidate{FirstName:""Sinead""","Surname:""Moore""","Gender:""Female""})"
CREATE,"(NoeleenMoran:Candidate{FirstName:""Noeleen""","Surname:""Moran""","Gender:""Female""})"
CREATE,"(OliverMoran:Candidate{FirstName:""Oliver""","Surname:""Moran""","Gender:""Male""})"
CREATE,"(KevinMoran:Candidate{FirstName:""Kevin""","Surname:""Moran""","Gender:""Male""})"
CREATE,"(MaryMoran:Candidate{FirstName:""Mary""","Surname:""Moran""","Gender:""Female""})"
CREATE,"(TomMoran:Candidate{FirstName:""Tom""","Surname:""Moran""","Gender:""Male""})"
CREATE,"(JamesMorgan:Candidate{FirstName:""James""","Surname:""Morgan""","Gender:""Male""})"
CREATE,"(NormaMoriarty:Candidate{FirstName:""Norma""","Surname:""Moriarty""","Gender:""Female""})"
CREATE,"(SeamusMorris:Candidate{FirstName:""Seamus""","Surname:""Morris""","Gender:""Male""})"
CREATE,"(MichaelMoynihan:Candidate{FirstName:""Michael""","Surname:""Moynihan""","Gender:""Male""})"
CREATE,"(AindriasMoynihan:Candidate{FirstName:""Aindrias""","Surname:""Moynihan""","Gender:""Male""})"
CREATE,"(MichelleMulherin:Candidate{FirstName:""Michelle""","Surname:""Mulherin""","Gender:""Female""})"
CREATE,"(DermotMulqueen:Candidate{FirstName:""Dermot""","Surname:""Mulqueen""","Gender:""Male""})"
CREATE,"(ImeldaMunster:Candidate{FirstName:""Imelda""","Surname:""Munster""","Gender:""Female""})"
CREATE,"(JenniferMurnaneOConnor:Candidate{FirstName:""Jennifer""","Surname:""MurnaneOConnor""","Gender:""Female""})"
CREATE,"(DaraMurphy:Candidate{FirstName:""Dara""","Surname:""Murphy""","Gender:""Male""})"
CREATE,"(MickMurphy:Candidate{FirstName:""Mick""","Surname:""Murphy""","Gender:""Male""})"
CREATE,"(EoghanMurphy:Candidate{FirstName:""Eoghan""","Surname:""Murphy""","Gender:""Male""})"
CREATE,"(PaulMurphy:Candidate{FirstName:""Paul""","Surname:""Murphy""","Gender:""Male""})"
CREATE,"(KevinMurphy:Candidate{FirstName:""Kevin""","Surname:""Murphy""","Gender:""Male""})"
CREATE,"(CatherineMurphy:Candidate{FirstName:""Catherine""","Surname:""Murphy""","Gender:""Female""})"
CREATE,"(EugeneMurphy:Candidate{FirstName:""Eugene""","Surname:""Murphy""","Gender:""Male""})"
CREATE,"(MarieMurphy:Candidate{FirstName:""Marie""","Surname:""Murphy""","Gender:""Female""})"
CREATE,"(TonyMurphy:Candidate{FirstName:""Tony""","Surname:""Murphy""","Gender:""Male""})"
CREATE,"(MargaretMurphyOMahony:Candidate{FirstName:""Margaret""","Surname:""MurphyOMahony""","Gender:""Female""})"
CREATE,"(RichardMurray:Candidate{FirstName:""Richard""","Surname:""Murray""","Gender:""Male""})"
CREATE,"(EamonMurray:Candidate{FirstName:""Eamon""","Surname:""Murray""","Gender:""Male""})"
CREATE,"(JohnnyMythen:Candidate{FirstName:""Johnny""","Surname:""Mythen""","Gender:""Male""})"
CREATE,"(GeraldNash:Candidate{FirstName:""Gerald""","Surname:""Nash""","Gender:""Male""})"
CREATE,"(HildegardeNaughten:Candidate{FirstName:""Hildegarde""","Surname:""Naughten""","Gender:""Female""})"
CREATE,"(DenisNaughten:Candidate{FirstName:""Denis""","Surname:""Naughten""","Gender:""Male""})"
CREATE,"(TomNeville:Candidate{FirstName:""Tom""","Surname:""Neville""","Gender:""Male""})"
CREATE,"(MairéadNiChroinin:Candidate{FirstName:""Mairéad""","Surname:""NiChroinin""","Gender:""Male""})"
CREATE,"(SorchaNicCormaic:Candidate{FirstName:""Sorcha""","Surname:""NicCormaic""","Gender:""Female""})"
CREATE,"(CordeliaNicFhearraigh:Candidate{FirstName:""Cordelia""","Surname:""NicFhearraigh""","Gender:""Female""})"
CREATE,"(DerekNolan:Candidate{FirstName:""Derek""","Surname:""Nolan""","Gender:""Male""})"
CREATE,"(CarolNolan:Candidate{FirstName:""Carol""","Surname:""Nolan""","Gender:""Female""})"
CREATE,"(MalcolmNoonan:Candidate{FirstName:""Malcolm""","Surname:""Noonan""","Gender:""Male""})"
CREATE,"(MichaelNoonan:Candidate{FirstName:""Michael""","Surname:""Noonan""","Gender:""Male""})"
CREATE,"(CatherineNoone:Candidate{FirstName:""Catherine""","Surname:""Noone""","Gender:""Female""})"
CREATE,"(AnnNorton:Candidate{FirstName:""Ann""","Surname:""Norton""","Gender:""Female""})"
CREATE,"(GerryOBoyle:Candidate{FirstName:""Gerry""","Surname:""OBoyle""","Gender:""Male""})"
CREATE,"(NiamhOBrien:Candidate{FirstName:""Niamh""","Surname:""OBrien""","Gender:""Female""})"
CREATE,"(JohnathanOBrien:Candidate{FirstName:""Johnathan""","Surname:""OBrien""","Gender:""Male""})"
CREATE,"(MichaelOBrien:Candidate{FirstName:""Michael""","Surname:""OBrien""","Gender:""Male""})"
CREATE,"(DarraghOBrien:Candidate{FirstName:""Darragh""","Surname:""OBrien""","Gender:""Male""})"
CREATE,"(JoeOBrien:Candidate{FirstName:""Joe""","Surname:""OBrien""","Gender:""Male""})"
CREATE,"(JoOBrien:Candidate{FirstName:""Jo""","Surname:""OBrien""","Gender:""Female""})"
CREATE,"(EmmettOBrien:Candidate{FirstName:""Emmett""","Surname:""OBrien""","Gender:""Male""})"
CREATE,"(ShaneOBrien:Candidate{FirstName:""Shane""","Surname:""OBrien""","Gender:""Male""})"
CREATE,"(EoinOBroin:Candidate{FirstName:""Eoin""","Surname:""OBroin""","Gender:""Male""})"
CREATE,"(SeanOBuachalla:Candidate{FirstName:""Sean""","Surname:""OBuachalla""","Gender:""Male""})"
CREATE,"(DiarmaidOCadhla:Candidate{FirstName:""Diarmaid""","Surname:""OCadhla""","Gender:""Male""})"
CREATE,"(CianOCallaghan:Candidate{FirstName:""Cian""","Surname:""OCallaghan""","Gender:""Male""})"
CREATE,"(JimOCallaghan:Candidate{FirstName:""Jim""","Surname:""OCallaghan""","Gender:""Male""})"
CREATE,"(CaoimhghínOCaoláin:Candidate{FirstName:""Caoimhghín""","Surname:""OCaoláin""","Gender:""Male""})"
CREATE,"(TrevorOClochartaigh:Candidate{FirstName:""Trevor""","Surname:""OClochartaigh""","Gender:""Male""})"
CREATE,"(AoifeOConnell:Candidate{FirstName:""Aoife""","Surname:""OConnell""","Gender:""Female""})"
CREATE,"(JimOConnell:Candidate{FirstName:""Jim""","Surname:""OConnell""","Gender:""Male""})"
CREATE,"(KateOConnell:Candidate{FirstName:""Kate""","Surname:""OConnell""","Gender:""Female""})"
CREATE,"(FergalOConnell:Candidate{FirstName:""Fergal""","Surname:""OConnell""","Gender:""Male""})"
CREATE,"(ProinsiasOConnor:Candidate{FirstName:""Proinsias""","Surname:""OConnor""","Gender:""Male""})"
CREATE,"(EamonOCuiv:Candidate{FirstName:""Eamon""","Surname:""OCuiv""","Gender:""Male""})"
CREATE,"(WillieODea:Candidate{FirstName:""Willie""","Surname:""ODea""","Gender:""Male""})"
CREATE,"(MichaelODonnell:Candidate{FirstName:""Michael""","Surname:""ODonnell""","Gender:""Male""})"
CREATE,"(GraceODonnell:Candidate{FirstName:""Grace""","Surname:""ODonnell""","Gender:""Female""})"
CREATE,"(KieranODonnell:Candidate{FirstName:""Kieran""","Surname:""ODonnell""","Gender:""Male""})"
CREATE,"(RichardODonoghue:Candidate{FirstName:""Richard""","Surname:""ODonoghue""","Gender:""Male""})"
CREATE,"(DeirdreODonovan:Candidate{FirstName:""Deirdre""","Surname:""ODonovan""","Gender:""Female""})"
CREATE,"(PatrickODonovan:Candidate{FirstName:""Patrick""","Surname:""ODonovan""","Gender:""Male""})"
CREATE,"(FergusODowd:Candidate{FirstName:""Fergus""","Surname:""ODowd""","Gender:""Male""})"
CREATE,"(MichaelODowd:Candidate{FirstName:""Michael""","Surname:""ODowd""","Gender:""Male""})"
CREATE,"(DianaODwyer:Candidate{FirstName:""Diana""","Surname:""ODwyer""","Gender:""Female""})"
CREATE,"(SeanOFearghail:Candidate{FirstName:""Sean""","Surname:""OFearghail""","Gender:""Male""})"
CREATE,"(DiarmuidOFlynn:Candidate{FirstName:""Diarmuid""","Surname:""OFlynn""","Gender:""Male""})"
CREATE,"(FrankOGorman:Candidate{FirstName:""Frank""","Surname:""OGorman""","Gender:""Male""})"
CREATE,"(RodericOGorman:Candidate{FirstName:""Roderic""","Surname:""OGorman""","Gender:""Male""})"
CREATE,"(MichaelOGorman:Candidate{FirstName:""Michael""","Surname:""OGorman""","Gender:""Male""})"
CREATE,"(JohnOGorman:Candidate{FirstName:""John""","Surname:""OGorman""","Gender:""Male""})"
CREATE,"(OisinOhAlmhain:Candidate{FirstName:""Oisin""","Surname:""OhAlmhain""","Gender:""Male""})"
CREATE,"(BernieOHara:Candidate{FirstName:""Bernie""","Surname:""OHara""","Gender:""Female""})"
CREATE,"(LeslieOHora:Candidate{FirstName:""Leslie""","Surname:""OHora""","Gender:""Male""})"
CREATE,"(KevinOKeefe:Candidate{FirstName:""Kevin""","Surname:""OKeefe""","Gender:""Male""})"
CREATE,"(SusanOKeefe:Candidate{FirstName:""Susan""","Surname:""OKeefe""","Gender:""Female""})"
CREATE,"(DonnchadhOLaoghaire:Candidate{FirstName:""Donnchadh""","Surname:""OLaoghaire""","Gender:""Male""})"
CREATE,"(JulieOLeary:Candidate{FirstName:""Julie""","Surname:""OLeary""","Gender:""Female""})"
CREATE,"(PaddyOLeary:Candidate{FirstName:""Paddy""","Surname:""OLeary""","Gender:""Male""})"
CREATE,"(FionaOLeary:Candidate{FirstName:""Fiona""","Surname:""OLeary""","Gender:""Female""})"
CREATE,"(PeterOLoughlin:Candidate{FirstName:""Peter""","Surname:""OLoughlin""","Gender:""Male""})"
CREATE,"(FionaOLoughlin:Candidate{FirstName:""Fiona""","Surname:""OLoughlin""","Gender:""Female""})"
CREATE,"(JohnnyOMahony:Candidate{FirstName:""Johnny""","Surname:""OMahony""","Gender:""Male""})"
CREATE,"(JohnOMahony:Candidate{FirstName:""John""","Surname:""OMahony""","Gender:""Male""})"
CREATE,"(GeorgeOMalley:Candidate{FirstName:""George""","Surname:""OMalley""","Gender:""Male""})"
CREATE,"(NaoiseOMuirí:Candidate{FirstName:""Naoise""","Surname:""OMuirí""","Gender:""Male""})"
CREATE,"(DamienONeill:Candidate{FirstName:""Damien""","Surname:""ONeill""","Gender:""Male""})"
CREATE,"(RuairiONeill:Candidate{FirstName:""Ruairi""","Surname:""ONeill""","Gender:""Male""})"
CREATE,"(AislingONeill:Candidate{FirstName:""Aisling""","Surname:""ONeill""","Gender:""Female""})"
CREATE,"(JoeOReilly:Candidate{FirstName:""Joe""","Surname:""OReilly""","Gender:""Male""})"
CREATE,"(LouiseOReilly:Candidate{FirstName:""Louise""","Surname:""OReilly""","Gender:""Female""})"
CREATE,"(AodhánORíordáin:Candidate{FirstName:""Aodhán""","Surname:""ORíordáin""","Gender:""Male""})"
CREATE,"(StevenORiordan:Candidate{FirstName:""Steven""","Surname:""ORiordan""","Gender:""Male""})"
CREATE,"(FrankORourke:Candidate{FirstName:""Frank""","Surname:""ORourke""","Gender:""Male""})"
CREATE,"(DarrenORourke:Candidate{FirstName:""Darren""","Surname:""ORourke""","Gender:""Male""})"
CREATE,"(PaddyORourke:Candidate{FirstName:""Paddy""","Surname:""ORourke""","Gender:""Male""})"
CREATE,"(JohnPaulOShea:Candidate{FirstName:""JohnPaul""","Surname:""OShea""","Gender:""Male""})"
CREATE,"(AengusOSnodaigh:Candidate{FirstName:""Aengus""","Surname:""OSnodaigh""","Gender:""Male""})"
CREATE,"(JerryOSullivan:Candidate{FirstName:""Jerry""","Surname:""OSullivan""","Gender:""Male""})"
CREATE,"(MaureenOSullivan:Candidate{FirstName:""Maureen""","Surname:""OSullivan""","Gender:""Female""})"
CREATE,"(ElizabethOSullivan:Candidate{FirstName:""Elizabeth""","Surname:""OSullivan""","Gender:""Female""})"
CREATE,"(JanOSullivan:Candidate{FirstName:""Jan""","Surname:""OSullivan""","Gender:""Female""})"
CREATE,"(GraceOSullivan:Candidate{FirstName:""Grace""","Surname:""OSullivan""","Gender:""Female""})"
CREATE,"(NiallOTuathail:Candidate{FirstName:""Niall""","Surname:""OTuathail""","Gender:""Male""})"
CREATE,"(DomParker:Candidate{FirstName:""Dom""","Surname:""Parker""","Gender:""Male""})"
CREATE,"(WilliePenrose:Candidate{FirstName:""Willie""","Surname:""Penrose""","Gender:""Male""})"
CREATE,"(CieranPerry:Candidate{FirstName:""Cieran""","Surname:""Perry""","Gender:""Male""})"
CREATE,"(JohnPerry:Candidate{FirstName:""John""","Surname:""Perry""","Gender:""Male""})"
CREATE,"(JohnPaulPhelan:Candidate{FirstName:""JohnPaul""","Surname:""Phelan""","Gender:""Male""})"
CREATE,"(AnnPhelan:Candidate{FirstName:""Ann""","Surname:""Phelan""","Gender:""Female""})"
CREATE,"(GillianPowell:Candidate{FirstName:""Gillian""","Surname:""Powell""","Gender:""Female""})"
CREATE,"(AverilPower:Candidate{FirstName:""Averil""","Surname:""Power""","Gender:""Female""})"
CREATE,"(MailoPower:Candidate{FirstName:""Mailo""","Surname:""Power""","Gender:""Female""})"
CREATE,"(CianPrendiville:Candidate{FirstName:""Cian""","Surname:""Prendiville""","Gender:""Male""})"
CREATE,"(ThomasPringle:Candidate{FirstName:""Thomas""","Surname:""Pringle""","Gender:""Male""})"
CREATE,"(KieranAdamQuigley:Candidate{FirstName:""KieranAdam""","Surname:""Quigley""","Gender:""Male""})"
CREATE,"(EdwardQuilty:Candidate{FirstName:""Edward""","Surname:""Quilty""","Gender:""Male""})"
CREATE,"(MauriceQuinlivan:Candidate{FirstName:""Maurice""","Surname:""Quinlivan""","Gender:""Male""})"
CREATE,"(AnneRabbitte:Candidate{FirstName:""Anne""","Surname:""Rabbitte""","Gender:""Female""})"
CREATE,"(StephanieBernadetteRegan:Candidate{FirstName:""StephanieBernadette""","Surname:""Regan""","Gender:""Female""})"
CREATE,"(JamesReilly:Candidate{FirstName:""James""","Surname:""Reilly""","Gender:""Male""})"
CREATE,"(KathrynReilly:Candidate{FirstName:""Kathryn""","Surname:""Reilly""","Gender:""Female""})"
CREATE,"(GerryReynolds:Candidate{FirstName:""Gerry""","Surname:""Reynolds""","Gender:""Male""})"
CREATE,"(MichaelRing:Candidate{FirstName:""Michael""","Surname:""Ring""","Gender:""Male""})"
CREATE,"(DenisRiordan:Candidate{FirstName:""Denis""","Surname:""Riordan""","Gender:""Male""})"
CREATE,"(AnnemarieRoche:Candidate{FirstName:""Annemarie""","Surname:""Roche""","Gender:""Female""})"
CREATE,"(NoelRock:Candidate{FirstName:""Noel""","Surname:""Rock""","Gender:""Male""})"
CREATE,"(TommyRoddy:Candidate{FirstName:""Tommy""","Surname:""Roddy""","Gender:""Male""})"
CREATE,"(ShaneRoss:Candidate{FirstName:""Shane""","Surname:""Ross""","Gender:""Male""})"
CREATE,"(FionaRyan:Candidate{FirstName:""Fiona""","Surname:""Ryan""","Gender:""Female""})"
CREATE,"(EamonRyan:Candidate{FirstName:""Eamon""","Surname:""Ryan""","Gender:""Male""})"
CREATE,"(AilisRyan:Candidate{FirstName:""Ailis""","Surname:""Ryan""","Gender:""Female""})"
CREATE,"(BrendanRyan:Candidate{FirstName:""Brendan""","Surname:""Ryan""","Gender:""Male""})"
CREATE,"(PatriciaRyan:Candidate{FirstName:""Patricia""","Surname:""Ryan""","Gender:""Female""})"
CREATE,"(TeresaRyanFeehan:Candidate{FirstName:""Teresa""","Surname:""RyanFeehan""","Gender:""Female""})"
CREATE,"(EamonScanlon:Candidate{FirstName:""Eamon""","Surname:""Scanlon""","Gender:""Male""})"
CREATE,"(MaeSexton:Candidate{FirstName:""Mae""","Surname:""Sexton""","Gender:""Female""})"
CREATE,"(AlanShatter:Candidate{FirstName:""Alan""","Surname:""Shatter""","Gender:""Male""})"
CREATE,"(MargaretSheehan:Candidate{FirstName:""Margaret""","Surname:""Sheehan""","Gender:""Female""})"
CREATE,"(SeamusSheridan:Candidate{FirstName:""Seamus""","Surname:""Sheridan""","Gender:""Male""})"
CREATE,"(SeanSherlock:Candidate{FirstName:""Sean""","Surname:""Sherlock""","Gender:""Male""})"
CREATE,"(DessieShiels:Candidate{FirstName:""Dessie""","Surname:""Shiels""","Gender:""Male""})"
CREATE,"(RoisinShortall:Candidate{FirstName:""Roisin""","Surname:""Shortall""","Gender:""Female""})"
CREATE,"(StephenSinclair:Candidate{FirstName:""Stephen""","Surname:""Sinclair""","Gender:""Male""})"
CREATE,"(BrendanSmith:Candidate{FirstName:""Brendan""","Surname:""Smith""","Gender:""Male""})"
CREATE,"(EmmettSmith:Candidate{FirstName:""Emmett""","Surname:""Smith""","Gender:""Male""})"
CREATE,"(FergalSmith:Candidate{FirstName:""Fergal""","Surname:""Smith""","Gender:""Male""})"
CREATE,"(BrídSmith:Candidate{FirstName:""Bríd""","Surname:""Smith""","Gender:""Female""})"
CREATE,"(MichaelSmith:Candidate{FirstName:""Michael""","Surname:""Smith""","Gender:""Male""})"
CREATE,"(KenSmollen:Candidate{FirstName:""Ken""","Surname:""Smollen""","Gender:""Male""})"
CREATE,"(NiamhSmyth:Candidate{FirstName:""Niamh""","Surname:""Smyth""","Gender:""Female""})"
CREATE,"(IanNoelSmyth:Candidate{FirstName:""IanNoel""","Surname:""Smyth""","Gender:""Male""})"
CREATE,"(OssianSmyth:Candidate{FirstName:""Ossian""","Surname:""Smyth""","Gender:""Male""})"
CREATE,"(CarrieSmyth:Candidate{FirstName:""Carrie""","Surname:""Smyth""","Gender:""Female""})"
CREATE,"(BarbaraSmyth:Candidate{FirstName:""Barbara""","Surname:""Smyth""","Gender:""Female""})"
CREATE,"(MarySmyth:Candidate{FirstName:""Mary""","Surname:""Smyth""","Gender:""Female""})"
CREATE,"(ArthurSpring:Candidate{FirstName:""Arthur""","Surname:""Spring""","Gender:""Male""})"
CREATE,"(EmmettStagg:Candidate{FirstName:""Emmett""","Surname:""Stagg""","Gender:""Male""})"
CREATE,"(BrianStanley:Candidate{FirstName:""Brian""","Surname:""Stanley""","Gender:""Male""})"
CREATE,"(DavidStanton:Candidate{FirstName:""David""","Surname:""Stanton""","Gender:""Male""})"
CREATE,"(JoanSummervilleMalloy:Candidate{FirstName:""Joan""","Surname:""SummervilleMalloy""","Gender:""Female""})"
CREATE,"(BernardSweeney:Candidate{FirstName:""Bernard""","Surname:""Sweeney""","Gender:""Male""})"
CREATE,"(EoinTierney:Candidate{FirstName:""Eoin""","Surname:""Tierney""","Gender:""Male""})"
CREATE,"(BillyTimmins:Candidate{FirstName:""Billy""","Surname:""Timmins""","Gender:""Male""})"
CREATE,"(FrancisTimmons:Candidate{FirstName:""Francis""","Surname:""Timmons""","Gender:""Male""})"
CREATE,"(PeadarToíbín:Candidate{FirstName:""Peadar""","Surname:""Toíbín""","Gender:""Male""})"
CREATE,"(RobertTroy:Candidate{FirstName:""Robert""","Surname:""Troy""","Gender:""Male""})"
CREATE,"(JoannaTuffy:Candidate{FirstName:""Joanna""","Surname:""Tuffy""","Gender:""Female""})"
CREATE,"(TedTynan:Candidate{FirstName:""Ted""","Surname:""Tynan""","Gender:""Male""})"
CREATE,"(SarahTyrrell:Candidate{FirstName:""Sarah""","Surname:""Tyrrell""","Gender:""Male""})"
CREATE,"(KamalUddin:Candidate{FirstName:""Kamal""","Surname:""Uddin""","Gender:""Male""})"
CREATE,"(LeoVaradkar:Candidate{FirstName:""Leo""","Surname:""Varadkar""","Gender:""Male""})"
CREATE,"(DeirdreWadding:Candidate{FirstName:""Deirdre""","Surname:""Wadding""","Gender:""Female""})"
CREATE,"(MarkWall:Candidate{FirstName:""Mark""","Surname:""Wall""","Gender:""Male""})"
CREATE,"(AdrienneWallace:Candidate{FirstName:""Adrienne""","Surname:""Wallace""","Gender:""Female""})"
CREATE,"(MickWallace:Candidate{FirstName:""Mick""","Surname:""Wallace""","Gender:""Male""})"
CREATE,"(NoelWalsh:Candidate{FirstName:""Noel""","Surname:""Walsh""","Gender:""Male""})"
CREATE,"(JohnWalsh:Candidate{FirstName:""John""","Surname:""Walsh""","Gender:""Male""})"
CREATE,"(AnnWalsh:Candidate{FirstName:""Ann""","Surname:""Walsh""","Gender:""Female""})"
CREATE,"(KarenWarren:Candidate{FirstName:""Karen""","Surname:""Warren""","Gender:""Female""})"
CREATE,"(GarettWeldon:Candidate{FirstName:""Garett""","Surname:""Weldon""","Gender:""Male""})"
CREATE,"(JohnWhelan:Candidate{FirstName:""John""","Surname:""Whelan""","Gender:""Male""})"
CREATE,"(MaryWhite:Candidate{FirstName:""Mary""","Surname:""White""","Gender:""Female""})"
CREATE,"(AlexWhite:Candidate{FirstName:""Alex""","Surname:""White""","Gender:""Male""})"
CREATE,"(RaymondWhitehead:Candidate{FirstName:""Raymond""","Surname:""Whitehead""","Gender:""Male""})"
CREATE,"(JohnWilson:Candidate{FirstName:""John""","Surname:""Wilson""","Gender:""Male""})"
CREATE,"(MaeveYore:Candidate{FirstName:""Maeve""","Surname:""Yore""","Gender:""Female""})"
CREATE,"(BrendanYoung:Candidate{FirstName:""Brendan""","Surname:""Young""","Gender:""Male""})"
CREATE,"(KatherineZappone:Candidate{FirstName:""Katherine""","Surname:""Zappone""","Gender:""Female""})"
